{
  "split": "test",
  "n_ads_evaluated": 87,
  "n_ads_missing_prediction": 1,
  "preprocess": {
    "n_input": 89,
    "n_kept": 88,
    "n_dropped": 1,
    "dropped_by_reason": {
      "non_positive_R0": 1
    },
    "n_monotonicity_smoothed": 0,
    "dropped_samples": {
      "non_positive_R0": [
        "7498907768448565265"
      ]
    }
  },
  "metrics": {
    "ibs": {
      "point": 0.1356638212140533,
      "lo": 0.10792656224385667,
      "hi": 0.1655476705651332,
      "alpha": 0.05,
      "B": 10000,
      "z0": 0.024818167439752015,
      "a": 0.005068347016387368,
      "n_resamples_used": 10000
    },
    "calibration_slope": {
      "point": 0.6285256256786731,
      "lo": 0.5487124323192375,
      "hi": 0.7100063527101435,
      "alpha": 0.05,
      "B": 10000,
      "z0": 0.02557039464076243,
      "a": -0.003253524019778404,
      "n_resamples_used": 10000
    },
    "auc_spearman": {
      "point": 0.3922869432091565,
      "lo": 0.17143644406472697,
      "hi": 0.5711673262275183,
      "alpha": 0.05,
      "B": 10000,
      "z0": 0.012533469508069276,
      "a": -0.021282087708235226,
      "n_resamples_used": 10000
    },
    "hook_spearman": {
      "point": 0.0024058177050307853,
      "lo": -0.2142518161627089,
      "hi": 0.2148578671968834,
      "alpha": 0.05,
      "B": 10000,
      "z0": 0.006266611701750335,
      "a": -0.005740863088467895,
      "n_resamples_used": 10000
    },
    "completion_spearman": {
      "point": 0.019063935262812567,
      "lo": -0.19051944396308557,
      "hi": 0.2234499078621857,
      "alpha": 0.05,
      "B": 10000,
      "z0": 0.0020053039636734648,
      "a": -0.006861755062281202,
      "n_resamples_used": 10000
    },
    "shape_spearman_mean": {
      "point": 0.4214821243353565,
      "lo": 0.347726600161844,
      "hi": 0.4916071059503722,
      "alpha": 0.05,
      "B": 10000,
      "z0": 0.0005013256759256267,
      "a": -0.00494111940809267,
      "n_resamples_used": 10000
    },
    "hook_mae": {
      "point": 0.25160836211781534,
      "lo": 0.20718790546701996,
      "hi": 0.30722604404304404,
      "alpha": 0.05,
      "B": 10000,
      "z0": 0.018048703440788155,
      "a": 0.01941116346603847,
      "n_resamples_used": 10000
    },
    "completion_mae": {
      "point": 0.25740750628890563,
      "lo": 0.197102064758122,
      "hi": 0.32619038147654006,
      "alpha": 0.05,
      "B": 10000,
      "z0": 0.0022559673607489474,
      "a": 0.016532450023500577,
      "n_resamples_used": 10000
    }
  },
  "predictions_meta": {
    "path": "/vol/runs/sft_mse/seed44_v2/submission.parquet",
    "method": "sft_mse_v2",
    "seed": 44,
    "T_HOOK": 3
  }
}
