{
  "split": "test",
  "n_ads_evaluated": 87,
  "n_ads_missing_prediction": 1,
  "preprocess": {
    "n_input": 89,
    "n_kept": 88,
    "n_dropped": 1,
    "dropped_by_reason": {
      "non_positive_R0": 1
    },
    "n_monotonicity_smoothed": 0,
    "dropped_samples": {
      "non_positive_R0": [
        "7498907768448565265"
      ]
    }
  },
  "metrics": {
    "ibs": {
      "point": 0.011296129848465444,
      "lo": 0.007835648945827075,
      "hi": 0.017313639793504535,
      "alpha": 0.05,
      "B": 10000,
      "z0": 0.07878957024029087,
      "a": 0.05735844351533749,
      "n_resamples_used": 10000
    },
    "calibration_slope": {
      "point": 0.9609001279254568,
      "lo": 0.9504864612998736,
      "hi": 0.969390397171201,
      "alpha": 0.05,
      "B": 10000,
      "z0": -0.019302236240380063,
      "a": -0.020745760597810282,
      "n_resamples_used": 10000
    },
    "auc_spearman": {
      "point": 0.4330210687468105,
      "lo": 0.2117399742987266,
      "hi": 0.6122889227671376,
      "alpha": 0.05,
      "B": 10000,
      "z0": 0.005263943686483788,
      "a": -0.030112956944940393,
      "n_resamples_used": 10000
    },
    "hook_spearman": {
      "point": 0.3617409054457972,
      "lo": 0.1492412093261447,
      "hi": 0.5314221807861584,
      "alpha": 0.05,
      "B": 10000,
      "z0": -0.0032586225240239675,
      "a": -0.01345606685748648,
      "n_resamples_used": 10000
    },
    "completion_spearman": {
      "point": -0.045090034264051906,
      "lo": -0.2580246615630326,
      "hi": 0.16734055158418065,
      "alpha": 0.05,
      "B": 10000,
      "z0": -0.0015039775317649809,
      "a": -0.0053213492308754615,
      "n_resamples_used": 10000
    },
    "shape_spearman_mean": {
      "point": 0.9999783665166079,
      "lo": 0.999870199099647,
      "hi": 1.0,
      "alpha": 0.05,
      "B": 10000,
      "z0": -0.6356570136975827,
      "a": -0.1637792293984476,
      "n_resamples_used": 10000
    },
    "hook_mae": {
      "point": 0.1371567959765859,
      "lo": 0.1118414711151868,
      "hi": 0.16877260045602155,
      "alpha": 0.05,
      "B": 10000,
      "z0": 0.015291028334377801,
      "a": 0.02692974994036658,
      "n_resamples_used": 10000
    },
    "completion_mae": {
      "point": 0.031439483687589385,
      "lo": 0.025530376847855897,
      "hi": 0.03955285096153976,
      "alpha": 0.05,
      "B": 10000,
      "z0": 0.04112028899854659,
      "a": 0.039687017342349085,
      "n_resamples_used": 10000
    }
  },
  "predictions_meta": {
    "path": "/vol/runs/sft_hazard_cot/seed44_a0.1_strict/submission.parquet",
    "method": "sft_hazard_cot_strict",
    "seed": 44,
    "T_HOOK": 3
  }
}
