{
  "split": "test",
  "n_ads_evaluated": 87,
  "n_ads_missing_prediction": 1,
  "preprocess": {
    "n_input": 89,
    "n_kept": 88,
    "n_dropped": 1,
    "dropped_by_reason": {
      "non_positive_R0": 1
    },
    "n_monotonicity_smoothed": 0,
    "dropped_samples": {
      "non_positive_R0": [
        "7498907768448565265"
      ]
    }
  },
  "metrics": {
    "ibs": {
      "point": 0.18498316492532457,
      "lo": 0.17166926279996006,
      "hi": 0.20090888054597378,
      "alpha": 0.05,
      "B": 10000,
      "z0": 0.024316690467047535,
      "a": 0.018670330068006755,
      "n_resamples_used": 10000
    },
    "calibration_slope": {
      "point": 0.23804358750035537,
      "lo": 0.209262691691659,
      "hi": 0.27390030273322635,
      "alpha": 0.05,
      "B": 10000,
      "z0": 0.009274657580969943,
      "a": 0.029082542864991144,
      "n_resamples_used": 10000
    },
    "auc_spearman": {
      "point": 0.2368749602190218,
      "lo": 0.012019529397447524,
      "hi": 0.4357472621816755,
      "alpha": 0.05,
      "B": 10000,
      "z0": 0.013285520672133197,
      "a": -0.00806963542905399,
      "n_resamples_used": 10000
    },
    "hook_spearman": {
      "point": -0.27456817193628935,
      "lo": -0.46397400638187253,
      "hi": -0.06581191243476266,
      "alpha": 0.05,
      "B": 10000,
      "z0": 0.0057652769696068034,
      "a": 0.0021891039026517034,
      "n_resamples_used": 10000
    },
    "completion_spearman": {
      "point": -0.11449609510990612,
      "lo": -0.32473734453327274,
      "hi": 0.09928025180839953,
      "alpha": 0.05,
      "B": 10000,
      "z0": -0.007018616792533281,
      "a": 0.0044136394588501935,
      "n_resamples_used": 10000
    },
    "shape_spearman_mean": {
      "point": 0.18147844810645583,
      "lo": 0.1430613059506343,
      "hi": 0.22859929232316933,
      "alpha": 0.05,
      "B": 10000,
      "z0": 0.02030508422389927,
      "a": 0.020162414734555836,
      "n_resamples_used": 10000
    },
    "hook_mae": {
      "point": 0.35799268626763503,
      "lo": 0.2930686364232898,
      "hi": 0.42855345393011934,
      "alpha": 0.05,
      "B": 10000,
      "z0": 0.009274657580969943,
      "a": 0.010209308004552504,
      "n_resamples_used": 10000
    },
    "completion_mae": {
      "point": 0.3931154948865668,
      "lo": 0.32934484476973325,
      "hi": 0.46049534311641044,
      "alpha": 0.05,
      "B": 10000,
      "z0": -0.0022559673607489474,
      "a": 0.004831311857589458,
      "n_resamples_used": 10000
    }
  },
  "predictions_meta": {
    "path": "/vol/runs/sft_mse/seed43_strict/submission.parquet",
    "method": "sft_mse_strict",
    "seed": 43,
    "T_HOOK": 3
  }
}
