{
  "hook_spearman": {
    "baseline": {
      "point": -0.2827285424718958,
      "lo": -0.46924745671731033,
      "hi": -0.08046166995942299,
      "alpha": 0.05,
      "B": 10000,
      "z0": -0.016293804724859254,
      "a": 0.0027774242073778897,
      "n_resamples_used": 10000
    },
    "candidate": {
      "point": 0.015509951155500475,
      "lo": -0.1860047724290668,
      "hi": 0.21595249288003984,
      "alpha": 0.05,
      "B": 10000,
      "z0": -0.01855011304703817,
      "a": 0.005289023308223495,
      "n_resamples_used": 10000
    },
    "diff": {
      "point": 0.2982384936273963,
      "lo": 0.0400582793814972,
      "hi": 0.5759841523021051,
      "alpha": 0.05,
      "B": 10000,
      "z0": 0.009525331483604746,
      "a": 0.01488954986516399,
      "n_resamples_used": 10000
    }
  },
  "completion_spearman": {
    "baseline": {
      "point": -0.14651927866738862,
      "lo": -0.3479787331181398,
      "hi": 0.06939600128743646,
      "alpha": 0.05,
      "B": 10000,
      "z0": 0.0017546406925954576,
      "a": 0.004758211908497683,
      "n_resamples_used": 10000
    },
    "candidate": {
      "point": -0.020704235620033536,
      "lo": -0.23089215584510134,
      "hi": 0.18671170470113746,
      "alpha": 0.05,
      "B": 10000,
      "z0": -0.012282787382975734,
      "a": -0.006090224115782577,
      "n_resamples_used": 10000
    },
    "diff": {
      "point": 0.12581504304735508,
      "lo": -0.2033383459530328,
      "hi": 0.44526704767161607,
      "alpha": 0.05,
      "B": 10000,
      "z0": -0.006517279650583849,
      "a": -0.005321289104331054,
      "n_resamples_used": 10000
    }
  },
  "shape_spearman_mean": {
    "baseline": {
      "point": 0.1771170955791103,
      "lo": 0.1370343167726143,
      "hi": 0.224630067733264,
      "alpha": 0.05,
      "B": 10000,
      "z0": 0.011029388020358915,
      "a": 0.021021778514186674,
      "n_resamples_used": 10000
    },
    "candidate": {
      "point": 0.9999783665166079,
      "lo": 0.9998486030020076,
      "hi": 1.0,
      "alpha": 0.05,
      "B": 10000,
      "z0": -0.6222157666688279,
      "a": -0.1637792293984476,
      "n_resamples_used": 10000
    },
    "diff": {
      "point": 0.8228612709374976,
      "lo": 0.7753585604579758,
      "hi": 0.8629362727315777,
      "alpha": 0.05,
      "B": 10000,
      "z0": -0.011280066443693096,
      "a": -0.0210145509904025,
      "n_resamples_used": 10000
    }
  },
  "ibs": {
    "baseline": {
      "point": 0.18534880723255023,
      "lo": 0.17210441304940663,
      "hi": 0.2014725197356399,
      "alpha": 0.05,
      "B": 10000,
      "z0": 0.03986594683285614,
      "a": 0.019136949927498807,
      "n_resamples_used": 10000
    },
    "candidate": {
      "point": 0.011402245554151633,
      "lo": 0.008903407496801479,
      "hi": 0.015099719337840461,
      "alpha": 0.05,
      "B": 10000,
      "z0": 0.029582527813949083,
      "a": 0.04735027873546484,
      "n_resamples_used": 10000
    },
    "diff": {
      "point": -0.17394656167839861,
      "lo": -0.19089801130623413,
      "hi": -0.15962693671081288,
      "alpha": 0.05,
      "B": 10000,
      "z0": -0.039615085989579545,
      "a": -0.014585769402803917,
      "n_resamples_used": 10000
    }
  }
}
