{
  "hook_spearman": {
    "baseline": {
      "point": -0.09085942764141702,
      "lo": -0.29807084559562924,
      "hi": 0.12947648175429638,
      "alpha": 0.05,
      "B": 10000,
      "z0": -0.0017546406925953184,
      "a": 0.0005248450418208141,
      "n_resamples_used": 10000
    },
    "candidate": {
      "point": 0.12845374352992636,
      "lo": -0.06976737392864556,
      "hi": 0.32466326361768144,
      "alpha": 0.05,
      "B": 10000,
      "z0": 0.03183955786801164,
      "a": -0.007889789142250076,
      "n_resamples_used": 10000
    },
    "diff": {
      "point": 0.21931317117134339,
      "lo": -0.038082198894033754,
      "hi": 0.5008235392951444,
      "alpha": 0.05,
      "B": 10000,
      "z0": 0.04563647073493522,
      "a": 0.00451744014887047,
      "n_resamples_used": 10000
    }
  },
  "completion_spearman": {
    "baseline": {
      "point": -0.06508525240965851,
      "lo": -0.2840616020458115,
      "hi": 0.16342905453964876,
      "alpha": 0.05,
      "B": 10000,
      "z0": 0.014037579350310981,
      "a": 0.003290051610265286,
      "n_resamples_used": 10000
    },
    "candidate": {
      "point": -0.026536414667930306,
      "lo": -0.2456108305678733,
      "hi": 0.18405283512809656,
      "alpha": 0.05,
      "B": 10000,
      "z0": -0.020054370352950636,
      "a": -0.00488747553747324,
      "n_resamples_used": 10000
    },
    "diff": {
      "point": 0.03854883774172821,
      "lo": -0.2806822738391323,
      "hi": 0.3312912397414329,
      "alpha": 0.05,
      "B": 10000,
      "z0": -0.02983330127899372,
      "a": -0.00689803191125811,
      "n_resamples_used": 10000
    }
  },
  "shape_spearman_mean": {
    "baseline": {
      "point": 0.09721342649423985,
      "lo": 0.049634885131972735,
      "hi": 0.15058611163410082,
      "alpha": 0.05,
      "B": 10000,
      "z0": 0.011530745575864969,
      "a": 0.016280453287844603,
      "n_resamples_used": 10000
    },
    "candidate": {
      "point": 0.9999783665166079,
      "lo": 0.9998486030020076,
      "hi": 1.0,
      "alpha": 0.05,
      "B": 10000,
      "z0": -0.6222157666688279,
      "a": -0.1637792293984476,
      "n_resamples_used": 10000
    },
    "diff": {
      "point": 0.9027649400223681,
      "lo": 0.8493374983465516,
      "hi": 0.9503167056510122,
      "alpha": 0.05,
      "B": 10000,
      "z0": -0.012282787382975734,
      "a": -0.016276034720696414,
      "n_resamples_used": 10000
    }
  },
  "ibs": {
    "baseline": {
      "point": 0.16934073564049326,
      "lo": 0.14818548239462975,
      "hi": 0.19329824171307342,
      "alpha": 0.05,
      "B": 10000,
      "z0": 0.013034836136889385,
      "a": 0.011215647031464486,
      "n_resamples_used": 10000
    },
    "candidate": {
      "point": 0.008955395638987071,
      "lo": 0.006297530984619031,
      "hi": 0.013348979607151949,
      "alpha": 0.05,
      "B": 10000,
      "z0": 0.0401168101849681,
      "a": 0.06239761930857109,
      "n_resamples_used": 10000
    },
    "diff": {
      "point": -0.1603853400015062,
      "lo": -0.18498165215539628,
      "hi": -0.1386318196827952,
      "alpha": 0.05,
      "B": 10000,
      "z0": -0.012784152420787677,
      "a": -0.010060434975571282,
      "n_resamples_used": 10000
    }
  }
}
