{
  "split": "test",
  "n_ads_evaluated": 87,
  "n_ads_missing_prediction": 1,
  "preprocess": {
    "n_input": 89,
    "n_kept": 88,
    "n_dropped": 1,
    "dropped_by_reason": {
      "non_positive_R0": 1
    },
    "n_monotonicity_smoothed": 0,
    "dropped_samples": {
      "non_positive_R0": [
        "7498907768448565265"
      ]
    }
  },
  "metrics": {
    "ibs": {
      "point": 0.18534880723255023,
      "lo": 0.17198206235941363,
      "hi": 0.20161513639376355,
      "alpha": 0.05,
      "B": 10000,
      "z0": 0.028579452399323784,
      "a": 0.019136949927498807,
      "n_resamples_used": 10000
    },
    "calibration_slope": {
      "point": 0.2385497279024358,
      "lo": 0.20963270541755907,
      "hi": 0.27649245662431665,
      "alpha": 0.05,
      "B": 10000,
      "z0": 0.019803657742562163,
      "a": 0.03342809543531384,
      "n_resamples_used": 10000
    },
    "auc_spearman": {
      "point": 0.2569600759164297,
      "lo": 0.03676736549189908,
      "hi": 0.4507433738417076,
      "alpha": 0.05,
      "B": 10000,
      "z0": 0.015792414544589822,
      "a": -0.0030808816155970093,
      "n_resamples_used": 10000
    },
    "hook_spearman": {
      "point": -0.2827285424718958,
      "lo": -0.47146996974919964,
      "hi": -0.0799746896775806,
      "alpha": 0.05,
      "B": 10000,
      "z0": -0.013034836136889385,
      "a": 0.0027774242073778897,
      "n_resamples_used": 10000
    },
    "completion_spearman": {
      "point": -0.14651927866738862,
      "lo": -0.35080875430333575,
      "hi": 0.06364133610691201,
      "alpha": 0.05,
      "B": 10000,
      "z0": -0.005514610154793434,
      "a": 0.004758211908497683,
      "n_resamples_used": 10000
    },
    "shape_spearman_mean": {
      "point": 0.1771170955791103,
      "lo": 0.1377386887117558,
      "hi": 0.22550303811694195,
      "alpha": 0.05,
      "B": 10000,
      "z0": 0.016293804724859116,
      "a": 0.021021778514186674,
      "n_resamples_used": 10000
    },
    "hook_mae": {
      "point": 0.3600363057367334,
      "lo": 0.2954116739131084,
      "hi": 0.43178548057047866,
      "alpha": 0.05,
      "B": 10000,
      "z0": 0.012533469508069276,
      "a": 0.009981995310935377,
      "n_resamples_used": 10000
    },
    "completion_mae": {
      "point": 0.3976142468383552,
      "lo": 0.3332354156140687,
      "hi": 0.4640301251108096,
      "alpha": 0.05,
      "B": 10000,
      "z0": -0.007519955698540524,
      "a": 0.004487576385556584,
      "n_resamples_used": 10000
    }
  },
  "predictions_meta": {
    "path": "/vol/runs/sft_mse/seed43/submission.parquet",
    "method": "sft_mse",
    "seed": 43,
    "T_HOOK": 3
  }
}
