{
  "split": "test",
  "n_ads_evaluated": 87,
  "n_ads_missing_prediction": 1,
  "preprocess": {
    "n_input": 89,
    "n_kept": 88,
    "n_dropped": 1,
    "dropped_by_reason": {
      "non_positive_R0": 1
    },
    "n_monotonicity_smoothed": 0,
    "dropped_samples": {
      "non_positive_R0": [
        "7498907768448565265"
      ]
    }
  },
  "metrics": {
    "ibs": {
      "point": 0.008955395638987071,
      "lo": 0.006363659474475757,
      "hi": 0.013695886961715798,
      "alpha": 0.05,
      "B": 10000,
      "z0": 0.08356788707301462,
      "a": 0.06239761930857109,
      "n_resamples_used": 10000
    },
    "calibration_slope": {
      "point": 0.9845098551647214,
      "lo": 0.971636949651816,
      "hi": 0.9968815989304523,
      "alpha": 0.05,
      "B": 10000,
      "z0": -0.0032586225240239675,
      "a": -0.008230493869778446,
      "n_resamples_used": 10000
    },
    "auc_spearman": {
      "point": 0.45806298753371727,
      "lo": 0.24205882500511305,
      "hi": 0.6334070418354042,
      "alpha": 0.05,
      "B": 10000,
      "z0": 0.00726928601715347,
      "a": -0.024853589045977655,
      "n_resamples_used": 10000
    },
    "hook_spearman": {
      "point": 0.12845374352992636,
      "lo": -0.07704236204682334,
      "hi": 0.3205570100583579,
      "alpha": 0.05,
      "B": 10000,
      "z0": -0.0005013256759256267,
      "a": -0.007889789142250076,
      "n_resamples_used": 10000
    },
    "completion_spearman": {
      "point": -0.026536414667930306,
      "lo": -0.24812079411631618,
      "hi": 0.18239566190044393,
      "alpha": 0.05,
      "B": 10000,
      "z0": -0.018299407668827677,
      "a": -0.00488747553747324,
      "n_resamples_used": 10000
    },
    "shape_spearman_mean": {
      "point": 0.9999783665166079,
      "lo": 0.999870199099647,
      "hi": 1.0,
      "alpha": 0.05,
      "B": 10000,
      "z0": -0.6356570136975827,
      "a": -0.1637792293984476,
      "n_resamples_used": 10000
    },
    "hook_mae": {
      "point": 0.10871510172956203,
      "lo": 0.0915305311065697,
      "hi": 0.13192369138580076,
      "alpha": 0.05,
      "B": 10000,
      "z0": 0.02983330127899372,
      "a": 0.0316448696435201,
      "n_resamples_used": 10000
    },
    "completion_mae": {
      "point": 0.029967083247887383,
      "lo": 0.024141118481115692,
      "hi": 0.037786422361879866,
      "alpha": 0.05,
      "B": 10000,
      "z0": 0.03685577776812631,
      "a": 0.03314980276771581,
      "n_resamples_used": 10000
    }
  },
  "predictions_meta": {
    "path": "/vol/runs/sft_hazard_cot/seed42_a0.1/submission.parquet",
    "method": "sft_hazard_cot",
    "seed": 42,
    "T_HOOK": 3
  }
}
