{
  "split": "test",
  "n_ads_evaluated": 87,
  "n_ads_missing_prediction": 1,
  "preprocess": {
    "n_input": 89,
    "n_kept": 88,
    "n_dropped": 1,
    "dropped_by_reason": {
      "non_positive_R0": 1
    },
    "n_monotonicity_smoothed": 0,
    "dropped_samples": {
      "non_positive_R0": [
        "7498907768448565265"
      ]
    }
  },
  "metrics": {
    "ibs": {
      "point": 0.008740400025406202,
      "lo": 0.006274610360648354,
      "hi": 0.013059261178217683,
      "alpha": 0.05,
      "B": 10000,
      "z0": 0.07954391893289812,
      "a": 0.059170392772956826,
      "n_resamples_used": 10000
    },
    "calibration_slope": {
      "point": 0.9801111173067012,
      "lo": 0.9658244166297717,
      "hi": 0.9935986706591,
      "alpha": 0.05,
      "B": 10000,
      "z0": -0.0077706258524470675,
      "a": -0.009699805584321089,
      "n_resamples_used": 10000
    },
    "auc_spearman": {
      "point": 0.45809943865276664,
      "lo": 0.2431399448604308,
      "hi": 0.6311226727425764,
      "alpha": 0.05,
      "B": 10000,
      "z0": 0.009525331483604746,
      "a": -0.02583105387611757,
      "n_resamples_used": 10000
    },
    "hook_spearman": {
      "point": 0.14799154334038056,
      "lo": -0.05670103595294908,
      "hi": 0.33446911457706757,
      "alpha": 0.05,
      "B": 10000,
      "z0": 0.0020053039636734648,
      "a": -0.0037520387664309136,
      "n_resamples_used": 10000
    },
    "completion_spearman": {
      "point": -0.026481737989356272,
      "lo": -0.25020963699862514,
      "hi": 0.18277034606591486,
      "alpha": 0.05,
      "B": 10000,
      "z0": -0.019803657742562163,
      "a": -0.005409654915399854,
      "n_resamples_used": 10000
    },
    "shape_spearman_mean": {
      "point": 0.9999783665166079,
      "lo": 0.999870199099647,
      "hi": 1.0,
      "alpha": 0.05,
      "B": 10000,
      "z0": -0.6356570136975827,
      "a": -0.1637792293984476,
      "n_resamples_used": 10000
    },
    "hook_mae": {
      "point": 0.11172899070093893,
      "lo": 0.09517741451173324,
      "hi": 0.1336164594231643,
      "alpha": 0.05,
      "B": 10000,
      "z0": 0.02381521960940934,
      "a": 0.02784728283687849,
      "n_resamples_used": 10000
    },
    "completion_mae": {
      "point": 0.029952628330655665,
      "lo": 0.02420561359547391,
      "hi": 0.037804395297809865,
      "alpha": 0.05,
      "B": 10000,
      "z0": 0.04287647717179934,
      "a": 0.03185726585719929,
      "n_resamples_used": 10000
    }
  },
  "predictions_meta": {
    "path": "/vol/runs/sft_hazard_cot/seed42_a0.1_strict/submission.parquet",
    "method": "sft_hazard_cot_strict",
    "seed": 42,
    "T_HOOK": 3
  }
}
