{
  "split": "test",
  "n_ads_evaluated": 87,
  "n_ads_missing_prediction": 1,
  "preprocess": {
    "n_input": 89,
    "n_kept": 88,
    "n_dropped": 1,
    "dropped_by_reason": {
      "non_positive_R0": 1
    },
    "n_monotonicity_smoothed": 0,
    "dropped_samples": {
      "non_positive_R0": [
        "7498907768448565265"
      ]
    }
  },
  "metrics": {
    "ibs": {
      "point": 0.0077684502730087,
      "lo": 0.005336588761260821,
      "hi": 0.012128908763916051,
      "alpha": 0.05,
      "B": 10000,
      "z0": 0.08432252980186596,
      "a": 0.06170871227978032,
      "n_resamples_used": 10000
    },
    "calibration_slope": {
      "point": 0.9873480494885479,
      "lo": 0.9784487796824916,
      "hi": 0.996820900941647,
      "alpha": 0.05,
      "B": 10000,
      "z0": 0.025821140235424707,
      "a": 0.0043146271698612125,
      "n_resamples_used": 10000
    },
    "auc_spearman": {
      "point": 0.45760734854560037,
      "lo": 0.25323019446153355,
      "hi": 0.6238575656923718,
      "alpha": 0.05,
      "B": 10000,
      "z0": 0.013786892263084142,
      "a": -0.02322205943177026,
      "n_resamples_used": 10000
    },
    "hook_spearman": {
      "point": 0.2973500036451119,
      "lo": 0.09763448933537806,
      "hi": 0.4742634287065568,
      "alpha": 0.05,
      "B": 10000,
      "z0": 0.011029388020358915,
      "a": -0.00037892032418220087,
      "n_resamples_used": 10000
    },
    "completion_spearman": {
      "point": -0.016002041262666765,
      "lo": -0.2339090239764271,
      "hi": 0.19962735295545483,
      "alpha": 0.05,
      "B": 10000,
      "z0": -0.013536206042278412,
      "a": 0.0011496008970679537,
      "n_resamples_used": 10000
    },
    "shape_spearman_mean": {
      "point": 0.9999783665166079,
      "lo": 0.999870199099647,
      "hi": 1.0,
      "alpha": 0.05,
      "B": 10000,
      "z0": -0.6356570136975827,
      "a": -0.1637792293984476,
      "n_resamples_used": 10000
    },
    "hook_mae": {
      "point": 0.09825940247986406,
      "lo": 0.07833960665593087,
      "hi": 0.12530912555145507,
      "alpha": 0.05,
      "B": 10000,
      "z0": 0.029331756209256883,
      "a": 0.03560494006756566,
      "n_resamples_used": 10000
    },
    "completion_mae": {
      "point": 0.02347761883341463,
      "lo": 0.017974866579309627,
      "hi": 0.03103872368015419,
      "alpha": 0.05,
      "B": 10000,
      "z0": 0.037859129003882656,
      "a": 0.03928516925950708,
      "n_resamples_used": 10000
    }
  },
  "predictions_meta": {
    "path": "/vol/runs/sft_hazard_cot/seed44_a0.1_v2/submission.parquet",
    "method": "sft_hazard_cot_v2",
    "seed": 44,
    "T_HOOK": 3
  }
}
