{
  "split": "test",
  "n_ads_evaluated": 87,
  "n_ads_missing_prediction": 1,
  "preprocess": {
    "n_input": 89,
    "n_kept": 88,
    "n_dropped": 1,
    "dropped_by_reason": {
      "non_positive_R0": 1
    },
    "n_monotonicity_smoothed": 0,
    "dropped_samples": {
      "non_positive_R0": [
        "7498907768448565265"
      ]
    }
  },
  "metrics": {
    "ibs": {
      "point": 0.1289606751407727,
      "lo": 0.10187810554028899,
      "hi": 0.15792526942338114,
      "alpha": 0.05,
      "B": 10000,
      "z0": 0.016293804724859116,
      "a": 0.008205222010418423,
      "n_resamples_used": 10000
    },
    "calibration_slope": {
      "point": 0.6106879845632393,
      "lo": 0.5260608866936208,
      "hi": 0.6954628694940455,
      "alpha": 0.05,
      "B": 10000,
      "z0": 0.016043109130585573,
      "a": -0.0030017526298678453,
      "n_resamples_used": 10000
    },
    "auc_spearman": {
      "point": 0.24752132390464388,
      "lo": 0.021910798017575304,
      "hi": 0.43916810605598017,
      "alpha": 0.05,
      "B": 10000,
      "z0": 0.0010026514778481883,
      "a": -0.0126162230659799,
      "n_resamples_used": 10000
    },
    "hook_spearman": {
      "point": 0.039185667165274156,
      "lo": -0.18429375404127019,
      "hi": 0.26767664904748456,
      "alpha": 0.05,
      "B": 10000,
      "z0": 0.003509286787335954,
      "a": -0.004600315985513645,
      "n_resamples_used": 10000
    },
    "completion_spearman": {
      "point": 0.08117664212291317,
      "lo": -0.1456428358377207,
      "hi": 0.29783278483140607,
      "alpha": 0.05,
      "B": 10000,
      "z0": -0.020054370352950636,
      "a": 0.002861256157210356,
      "n_resamples_used": 10000
    },
    "shape_spearman_mean": {
      "point": 0.40521524667103775,
      "lo": 0.32286899294168653,
      "hi": 0.486349787890228,
      "alpha": 0.05,
      "B": 10000,
      "z0": 0.007018616792533281,
      "a": -0.0038492787614011975,
      "n_resamples_used": 10000
    },
    "hook_mae": {
      "point": 0.1773736277112159,
      "lo": 0.14167482606345344,
      "hi": 0.22348209830518176,
      "alpha": 0.05,
      "B": 10000,
      "z0": 0.01779800034715164,
      "a": 0.030875297119980927,
      "n_resamples_used": 10000
    },
    "completion_mae": {
      "point": 0.25869889713521754,
      "lo": 0.19787781207929653,
      "hi": 0.331959831293825,
      "alpha": 0.05,
      "B": 10000,
      "z0": 0.030836414058675342,
      "a": 0.01824612380453075,
      "n_resamples_used": 10000
    }
  },
  "predictions_meta": {
    "path": "/vol/runs/sft_mse/seed42_v2/submission.parquet",
    "method": "sft_mse_v2",
    "seed": 42,
    "T_HOOK": 3
  }
}
