{
  "split": "test",
  "n_ads_evaluated": 87,
  "n_ads_missing_prediction": 1,
  "preprocess": {
    "n_input": 89,
    "n_kept": 88,
    "n_dropped": 1,
    "dropped_by_reason": {
      "non_positive_R0": 1
    },
    "n_monotonicity_smoothed": 0,
    "dropped_samples": {
      "non_positive_R0": [
        "7498907768448565265"
      ]
    }
  },
  "metrics": {
    "ibs": {
      "point": 0.16023527658592387,
      "lo": 0.13619234854548207,
      "hi": 0.18618148529801845,
      "alpha": 0.05,
      "B": 10000,
      "z0": 0.008271967640830167,
      "a": 0.0065827558383155646,
      "n_resamples_used": 10000
    },
    "calibration_slope": {
      "point": 0.3662223648388205,
      "lo": 0.31866721015050076,
      "hi": 0.4269417840320481,
      "alpha": 0.05,
      "B": 10000,
      "z0": 0.025821140235424707,
      "a": 0.029292885253558963,
      "n_resamples_used": 10000
    },
    "auc_spearman": {
      "point": 0.2632480658579957,
      "lo": 0.04752409511398232,
      "hi": 0.4469105492519156,
      "alpha": 0.05,
      "B": 10000,
      "z0": 0.0012533144654324165,
      "a": -0.020922041276603465,
      "n_resamples_used": 10000
    },
    "hook_spearman": {
      "point": -0.22681083564737092,
      "lo": -0.41195172272179875,
      "hi": -0.016824660438932295,
      "alpha": 0.05,
      "B": 10000,
      "z0": -0.005514610154793434,
      "a": 0.009367149753476238,
      "n_resamples_used": 10000
    },
    "completion_spearman": {
      "point": -0.02416775264497541,
      "lo": -0.23757218968817784,
      "hi": 0.18697161619404964,
      "alpha": 0.05,
      "B": 10000,
      "z0": -0.003007958465459176,
      "a": -0.008519831707251301,
      "n_resamples_used": 10000
    },
    "shape_spearman_mean": {
      "point": 0.07980628722028024,
      "lo": 0.03568058678153925,
      "hi": 0.12743757321261623,
      "alpha": 0.05,
      "B": 10000,
      "z0": 0.0,
      "a": 0.012108426824745432,
      "n_resamples_used": 10000
    },
    "hook_mae": {
      "point": 0.26732637856642166,
      "lo": 0.22220445559004146,
      "hi": 0.3208650675634862,
      "alpha": 0.05,
      "B": 10000,
      "z0": 0.015541720951108279,
      "a": 0.01684166617384553,
      "n_resamples_used": 10000
    },
    "completion_mae": {
      "point": 0.33237354708980343,
      "lo": 0.2698099917819063,
      "hi": 0.39918404429794313,
      "alpha": 0.05,
      "B": 10000,
      "z0": -0.01403757935031084,
      "a": 0.012375589876393278,
      "n_resamples_used": 10000
    }
  },
  "predictions_meta": {
    "path": "/vol/runs/sft_mse/seed44_strict/submission.parquet",
    "method": "sft_mse_strict",
    "seed": 44,
    "T_HOOK": 3
  }
}
