{
  "split": "test",
  "n_ads_evaluated": 87,
  "n_ads_missing_prediction": 1,
  "preprocess": {
    "n_input": 89,
    "n_kept": 88,
    "n_dropped": 1,
    "dropped_by_reason": {
      "non_positive_R0": 1
    },
    "n_monotonicity_smoothed": 0,
    "dropped_samples": {
      "non_positive_R0": [
        "7498907768448565265"
      ]
    }
  },
  "metrics": {
    "ibs": {
      "point": 0.1583446295181735,
      "lo": 0.13465082186265462,
      "hi": 0.18398758528563625,
      "alpha": 0.05,
      "B": 10000,
      "z0": 0.013536206042278273,
      "a": 0.006516210638676784,
      "n_resamples_used": 10000
    },
    "calibration_slope": {
      "point": 0.3656012491052157,
      "lo": 0.3186814030909739,
      "hi": 0.42328949661506243,
      "alpha": 0.05,
      "B": 10000,
      "z0": 0.026824139006667302,
      "a": 0.024234424201599276,
      "n_resamples_used": 10000
    },
    "auc_spearman": {
      "point": 0.28599418599444315,
      "lo": 0.06918611035565786,
      "hi": 0.4685308537852509,
      "alpha": 0.05,
      "B": 10000,
      "z0": 0.0,
      "a": -0.021313831233004007,
      "n_resamples_used": 10000
    },
    "hook_spearman": {
      "point": -0.17806768278368126,
      "lo": -0.36825331214309354,
      "hi": 0.03192225703613477,
      "alpha": 0.05,
      "B": 10000,
      "z0": -0.0020053039636734648,
      "a": 0.008520269332716593,
      "n_resamples_used": 10000
    },
    "completion_spearman": {
      "point": -0.018499448668665187,
      "lo": -0.23065596886725068,
      "hi": 0.1963574057434424,
      "alpha": 0.05,
      "B": 10000,
      "z0": -0.0007519885532626153,
      "a": -0.004372800855330486,
      "n_resamples_used": 10000
    },
    "shape_spearman_mean": {
      "point": 0.08014734403166826,
      "lo": 0.03590351404919221,
      "hi": 0.12855706549733534,
      "alpha": 0.05,
      "B": 10000,
      "z0": -0.0035092867873360934,
      "a": 0.013924500800575506,
      "n_resamples_used": 10000
    },
    "hook_mae": {
      "point": 0.2633717151835927,
      "lo": 0.21754517693041298,
      "hi": 0.3170270809551199,
      "alpha": 0.05,
      "B": 10000,
      "z0": 0.003759951271145795,
      "a": 0.01661548480461908,
      "n_resamples_used": 10000
    },
    "completion_mae": {
      "point": 0.3267679699368362,
      "lo": 0.2637526572613228,
      "hi": 0.3951277653853319,
      "alpha": 0.05,
      "B": 10000,
      "z0": -0.01403757935031084,
      "a": 0.012935045957418108,
      "n_resamples_used": 10000
    }
  },
  "predictions_meta": {
    "path": "/vol/runs/sft_mse/seed44/submission.parquet",
    "method": "sft_mse",
    "seed": 44,
    "T_HOOK": 3
  }
}
