{
  "split": "test",
  "n_ads_evaluated": 87,
  "n_ads_missing_prediction": 1,
  "preprocess": {
    "n_input": 89,
    "n_kept": 88,
    "n_dropped": 1,
    "dropped_by_reason": {
      "non_positive_R0": 1
    },
    "n_monotonicity_smoothed": 0,
    "dropped_samples": {
      "non_positive_R0": [
        "7498907768448565265"
      ]
    }
  },
  "metrics": {
    "ibs": {
      "point": 0.018260177847556097,
      "lo": 0.01521436546704532,
      "hi": 0.022225438669214934,
      "alpha": 0.05,
      "B": 10000,
      "z0": 0.026824139006667302,
      "a": 0.027452211958518984,
      "n_resamples_used": 10000
    },
    "calibration_slope": {
      "point": 0.9542716134519419,
      "lo": 0.9253636575320533,
      "hi": 0.9832208466971234,
      "alpha": 0.05,
      "B": 10000,
      "z0": -0.0032586225240239675,
      "a": -0.0006125712123403113,
      "n_resamples_used": 10000
    },
    "auc_spearman": {
      "point": 0.4370853685208136,
      "lo": 0.21859345656651893,
      "hi": 0.6163628633465722,
      "alpha": 0.05,
      "B": 10000,
      "z0": 0.017296597500018794,
      "a": -0.025626813903035502,
      "n_resamples_used": 10000
    },
    "hook_spearman": {
      "point": 0.311073849967194,
      "lo": 0.12559733534984535,
      "hi": 0.4773465950596785,
      "alpha": 0.05,
      "B": 10000,
      "z0": 0.010026681100274765,
      "a": 0.001505910063635778,
      "n_resamples_used": 10000
    },
    "completion_spearman": {
      "point": 0.06643216446744915,
      "lo": -0.1630757362319373,
      "hi": 0.2767903842600568,
      "alpha": 0.05,
      "B": 10000,
      "z0": -0.009525331483604746,
      "a": -0.0080886904259465,
      "n_resamples_used": 10000
    },
    "shape_spearman_mean": {
      "point": 0.9999783665166079,
      "lo": 0.999870199099647,
      "hi": 1.0,
      "alpha": 0.05,
      "B": 10000,
      "z0": -0.6356570136975827,
      "a": -0.1637792293984476,
      "n_resamples_used": 10000
    },
    "hook_mae": {
      "point": 0.22106658762231102,
      "lo": 0.2014662590014199,
      "hi": 0.24025924384988132,
      "alpha": 0.05,
      "B": 10000,
      "z0": 0.012533469508069276,
      "a": -0.0026920321634833775,
      "n_resamples_used": 10000
    },
    "completion_mae": {
      "point": 0.055196324295000335,
      "lo": 0.04745246158959925,
      "hi": 0.06407519107031814,
      "alpha": 0.05,
      "B": 10000,
      "z0": -0.0015039775317649809,
      "a": 0.020179742892337486,
      "n_resamples_used": 10000
    }
  },
  "predictions_meta": {
    "path": "/vol/runs/sft_hazard_cot/seed42_a0.1_v2/submission.parquet",
    "method": "sft_hazard_cot_v2",
    "seed": 42,
    "T_HOOK": 3
  }
}
