{
  "split": "test",
  "n_ads_evaluated": 87,
  "n_ads_missing_prediction": 1,
  "preprocess": {
    "n_input": 89,
    "n_kept": 88,
    "n_dropped": 1,
    "dropped_by_reason": {
      "non_positive_R0": 1
    },
    "n_monotonicity_smoothed": 0,
    "dropped_samples": {
      "non_positive_R0": [
        "7498907768448565265"
      ]
    }
  },
  "metrics": {
    "ibs": {
      "point": 0.01146623787925434,
      "lo": 0.007973058697912948,
      "hi": 0.017583208775450214,
      "alpha": 0.05,
      "B": 10000,
      "z0": 0.08105275255257918,
      "a": 0.057804555865848685,
      "n_resamples_used": 10000
    },
    "calibration_slope": {
      "point": 0.9622741875869485,
      "lo": 0.9514325746110437,
      "hi": 0.9706945619857601,
      "alpha": 0.05,
      "B": 10000,
      "z0": -0.032591936696663076,
      "a": -0.02362167317621024,
      "n_resamples_used": 10000
    },
    "auc_spearman": {
      "point": 0.438926150032806,
      "lo": 0.21397159765571053,
      "hi": 0.6183293797061258,
      "alpha": 0.05,
      "B": 10000,
      "z0": 0.009776005984788104,
      "a": -0.031608165041419334,
      "n_resamples_used": 10000
    },
    "hook_spearman": {
      "point": 0.43025078369905956,
      "lo": 0.2231841386954615,
      "hi": 0.5891502521576918,
      "alpha": 0.05,
      "B": 10000,
      "z0": 0.005263943686483788,
      "a": -0.021411616712139377,
      "n_resamples_used": 10000
    },
    "completion_spearman": {
      "point": -0.03563096887074433,
      "lo": -0.24939402209080075,
      "hi": 0.17820380580021175,
      "alpha": 0.05,
      "B": 10000,
      "z0": 0.0012533144654324165,
      "a": -0.006006059011216583,
      "n_resamples_used": 10000
    },
    "shape_spearman_mean": {
      "point": 0.9999783665166079,
      "lo": 0.999870199099647,
      "hi": 1.0,
      "alpha": 0.05,
      "B": 10000,
      "z0": -0.6356570136975827,
      "a": -0.1637792293984476,
      "n_resamples_used": 10000
    },
    "hook_mae": {
      "point": 0.13853326328390891,
      "lo": 0.11318496574928312,
      "hi": 0.1699839598508655,
      "alpha": 0.05,
      "B": 10000,
      "z0": 0.012784152420787677,
      "a": 0.02703164858833987,
      "n_resamples_used": 10000
    },
    "completion_mae": {
      "point": 0.03144629307498116,
      "lo": 0.025535255747122693,
      "hi": 0.039552554518273005,
      "alpha": 0.05,
      "B": 10000,
      "z0": 0.04061854447905143,
      "a": 0.03968484917078384,
      "n_resamples_used": 10000
    }
  },
  "predictions_meta": {
    "path": "/vol/runs/sft_hazard_cot/seed44_a0.1/submission.parquet",
    "method": "sft_hazard_cot",
    "seed": 44,
    "T_HOOK": 3
  }
}
