{
  "hook_spearman": {
    "baseline": {
      "point": -0.17806768278368126,
      "lo": -0.3685751937160009,
      "hi": 0.030146126805545435,
      "alpha": 0.05,
      "B": 10000,
      "z0": -0.0007519885532626153,
      "a": 0.008520269332716593,
      "n_resamples_used": 10000
    },
    "candidate": {
      "point": 0.43025078369905956,
      "lo": 0.23053489977872002,
      "hi": 0.5869021551653989,
      "alpha": 0.05,
      "B": 10000,
      "z0": 0.003509286787335954,
      "a": -0.021411616712139377,
      "n_resamples_used": 10000
    },
    "diff": {
      "point": 0.6083184664827408,
      "lo": 0.31113437204838673,
      "hi": 0.8608737927533158,
      "alpha": 0.05,
      "B": 10000,
      "z0": 0.011781425432631176,
      "a": -0.01587454845308821,
      "n_resamples_used": 10000
    }
  },
  "completion_spearman": {
    "baseline": {
      "point": -0.018499448668665187,
      "lo": -0.23228441724048085,
      "hi": 0.19094512913819817,
      "alpha": 0.05,
      "B": 10000,
      "z0": -0.0060159441466754015,
      "a": -0.004372800855330486,
      "n_resamples_used": 10000
    },
    "candidate": {
      "point": -0.03563096887074433,
      "lo": -0.2525530940444292,
      "hi": 0.177149841790095,
      "alpha": 0.05,
      "B": 10000,
      "z0": -0.010277356845819739,
      "a": -0.006006059011216583,
      "n_resamples_used": 10000
    },
    "diff": {
      "point": -0.017131520202079142,
      "lo": -0.2540533961400838,
      "hi": 0.2310383920178963,
      "alpha": 0.05,
      "B": 10000,
      "z0": -0.0017546406925953184,
      "a": 0.000993015337305709,
      "n_resamples_used": 10000
    }
  },
  "shape_spearman_mean": {
    "baseline": {
      "point": 0.08014734403166826,
      "lo": 0.035970993631854915,
      "hi": 0.12779587246207524,
      "alpha": 0.05,
      "B": 10000,
      "z0": -0.007018616792533281,
      "a": 0.013924500800575506,
      "n_resamples_used": 10000
    },
    "candidate": {
      "point": 0.9999783665166079,
      "lo": 0.9998486030020076,
      "hi": 1.0,
      "alpha": 0.05,
      "B": 10000,
      "z0": -0.6222157666688279,
      "a": -0.1637792293984476,
      "n_resamples_used": 10000
    },
    "diff": {
      "point": 0.9198310224849396,
      "lo": 0.8721311623285697,
      "hi": 0.9639973319201582,
      "alpha": 0.05,
      "B": 10000,
      "z0": 0.00676794800892753,
      "a": -0.01391966196947024,
      "n_resamples_used": 10000
    }
  },
  "ibs": {
    "baseline": {
      "point": 0.1583446295181735,
      "lo": 0.13501234082880528,
      "hi": 0.183961513925268,
      "alpha": 0.05,
      "B": 10000,
      "z0": 0.016043109130585573,
      "a": 0.006516210638676784,
      "n_resamples_used": 10000
    },
    "candidate": {
      "point": 0.01146623787925434,
      "lo": 0.007980346977397867,
      "hi": 0.01733548333857636,
      "alpha": 0.05,
      "B": 10000,
      "z0": 0.05241251788185781,
      "a": 0.057804555865848685,
      "n_resamples_used": 10000
    },
    "diff": {
      "point": -0.14687839163891914,
      "lo": -0.17415713124329632,
      "hi": -0.12233978134930398,
      "alpha": 0.05,
      "B": 10000,
      "z0": -0.021558673039087303,
      "a": -0.005799585518107661,
      "n_resamples_used": 10000
    }
  }
}
