{
  "split": "test",
  "n_ads_evaluated": 87,
  "n_ads_missing_prediction": 1,
  "preprocess": {
    "n_input": 89,
    "n_kept": 88,
    "n_dropped": 1,
    "dropped_by_reason": {
      "non_positive_R0": 1
    },
    "n_monotonicity_smoothed": 0,
    "dropped_samples": {
      "non_positive_R0": [
        "7498907768448565265"
      ]
    }
  },
  "metrics": {
    "ibs": {
      "point": 0.11885333835791952,
      "lo": 0.09393830956260478,
      "hi": 0.14758478624317187,
      "alpha": 0.05,
      "B": 10000,
      "z0": 0.03810997272868065,
      "a": 0.011347339668725002,
      "n_resamples_used": 10000
    },
    "calibration_slope": {
      "point": 0.6452836649055598,
      "lo": 0.5684280954057885,
      "hi": 0.7222679162930549,
      "alpha": 0.05,
      "B": 10000,
      "z0": 0.017547298372150792,
      "a": -0.003707657298160195,
      "n_resamples_used": 10000
    },
    "auc_spearman": {
      "point": 0.2723627615367792,
      "lo": 0.04142271193870183,
      "hi": 0.4652351447533402,
      "alpha": 0.05,
      "B": 10000,
      "z0": 0.0012533144654324165,
      "a": -0.012718599716020658,
      "n_resamples_used": 10000
    },
    "hook_spearman": {
      "point": -0.15836477302282193,
      "lo": -0.3664421522254712,
      "hi": 0.0664853433447976,
      "alpha": 0.05,
      "B": 10000,
      "z0": -0.0017546406925953184,
      "a": 0.0069784758832214635,
      "n_resamples_used": 10000
    },
    "completion_spearman": {
      "point": 0.07964569512284027,
      "lo": -0.1260743723687092,
      "hi": 0.275714362851211,
      "alpha": 0.05,
      "B": 10000,
      "z0": -0.015792414544589822,
      "a": -0.002263444891748813,
      "n_resamples_used": 10000
    },
    "shape_spearman_mean": {
      "point": 0.4598658643276457,
      "lo": 0.3877412804812309,
      "hi": 0.5269584362555124,
      "alpha": 0.05,
      "B": 10000,
      "z0": -0.00852263930681318,
      "a": -0.005560276250676296,
      "n_resamples_used": 10000
    },
    "hook_mae": {
      "point": 0.34106764411111534,
      "lo": 0.2807605513289681,
      "hi": 0.40870665567894576,
      "alpha": 0.05,
      "B": 10000,
      "z0": 0.010026681100274765,
      "a": 0.013922486768253684,
      "n_resamples_used": 10000
    },
    "completion_mae": {
      "point": 0.26197400125287834,
      "lo": 0.19931214322588892,
      "hi": 0.3337976637600143,
      "alpha": 0.05,
      "B": 10000,
      "z0": 0.015040336678635672,
      "a": 0.017785648141664723,
      "n_resamples_used": 10000
    }
  },
  "predictions_meta": {
    "path": "/vol/runs/sft_mse/seed43_v2/submission.parquet",
    "method": "sft_mse_v2",
    "seed": 43,
    "T_HOOK": 3
  }
}
