{
  "split": "test",
  "n_ads_evaluated": 87,
  "n_ads_missing_prediction": 1,
  "preprocess": {
    "n_input": 89,
    "n_kept": 88,
    "n_dropped": 1,
    "dropped_by_reason": {
      "non_positive_R0": 1
    },
    "n_monotonicity_smoothed": 0,
    "dropped_samples": {
      "non_positive_R0": [
        "7498907768448565265"
      ]
    }
  },
  "metrics": {
    "ibs": {
      "point": 0.1692368976998609,
      "lo": 0.1478027698902914,
      "hi": 0.19293381366904316,
      "alpha": 0.05,
      "B": 10000,
      "z0": 0.010528033237178323,
      "a": 0.010829543405687621,
      "n_resamples_used": 10000
    },
    "calibration_slope": {
      "point": 0.28855306476019293,
      "lo": 0.26122378779021,
      "hi": 0.32193121810513586,
      "alpha": 0.05,
      "B": 10000,
      "z0": 0.029582527813949083,
      "a": 0.02262546446087878,
      "n_resamples_used": 10000
    },
    "auc_spearman": {
      "point": 0.21786518193191068,
      "lo": 0.0009322973419692099,
      "hi": 0.40433203742728074,
      "alpha": 0.05,
      "B": 10000,
      "z0": 0.0077706258524470675,
      "a": -0.020991081649751504,
      "n_resamples_used": 10000
    },
    "hook_spearman": {
      "point": -0.07386321965786082,
      "lo": -0.2894610094875386,
      "hi": 0.15101931146363573,
      "alpha": 0.05,
      "B": 10000,
      "z0": 0.004511946203065805,
      "a": 0.0015300908324483629,
      "n_resamples_used": 10000
    },
    "completion_spearman": {
      "point": -0.09832958183985092,
      "lo": -0.3179990952249916,
      "hi": 0.1376227162556456,
      "alpha": 0.05,
      "B": 10000,
      "z0": 0.004762611726370971,
      "a": 0.0036660289896881006,
      "n_resamples_used": 10000
    },
    "shape_spearman_mean": {
      "point": 0.10043156151795006,
      "lo": 0.0528950818905499,
      "hi": 0.15523522089518896,
      "alpha": 0.05,
      "B": 10000,
      "z0": 0.024316690467047535,
      "a": 0.015477949632123506,
      "n_resamples_used": 10000
    },
    "hook_mae": {
      "point": 0.22745949192064457,
      "lo": 0.1836989686984145,
      "hi": 0.27667713224376594,
      "alpha": 0.05,
      "B": 10000,
      "z0": 0.009023984261129213,
      "a": 0.014522326117734373,
      "n_resamples_used": 10000
    },
    "completion_mae": {
      "point": 0.398078142943791,
      "lo": 0.3456939451384749,
      "hi": 0.4555196010323965,
      "alpha": 0.05,
      "B": 10000,
      "z0": 0.018299407668827677,
      "a": 0.007431085136158474,
      "n_resamples_used": 10000
    }
  },
  "predictions_meta": {
    "path": "/vol/runs/sft_mse/seed42_strict/submission.parquet",
    "method": "sft_mse_strict",
    "seed": 42,
    "T_HOOK": 3
  }
}
