{
  "split": "test",
  "n_ads_evaluated": 87,
  "n_ads_missing_prediction": 1,
  "preprocess": {
    "n_input": 89,
    "n_kept": 88,
    "n_dropped": 1,
    "dropped_by_reason": {
      "non_positive_R0": 1
    },
    "n_monotonicity_smoothed": 0,
    "dropped_samples": {
      "non_positive_R0": [
        "7498907768448565265"
      ]
    }
  },
  "metrics": {
    "ibs": {
      "point": 0.012738263895705303,
      "lo": 0.010268619859081207,
      "hi": 0.016392733385703604,
      "alpha": 0.05,
      "B": 10000,
      "z0": 0.07250503332469574,
      "a": 0.038527066682330795,
      "n_resamples_used": 10000
    },
    "calibration_slope": {
      "point": 0.8517455123814064,
      "lo": 0.8378718150985467,
      "hi": 0.8663109626604746,
      "alpha": 0.05,
      "B": 10000,
      "z0": 0.012282787382975734,
      "a": 0.006156197043558238,
      "n_resamples_used": 10000
    },
    "auc_spearman": {
      "point": 0.41386600568637455,
      "lo": 0.18558147311568599,
      "hi": 0.5970734815827694,
      "alpha": 0.05,
      "B": 10000,
      "z0": 0.013034836136889385,
      "a": -0.03047664240176692,
      "n_resamples_used": 10000
    },
    "hook_spearman": {
      "point": -0.0709156521105198,
      "lo": -0.2685313532711395,
      "hi": 0.13077637564768607,
      "alpha": 0.05,
      "B": 10000,
      "z0": 0.008773311508328052,
      "a": 0.0028890395927462778,
      "n_resamples_used": 10000
    },
    "completion_spearman": {
      "point": -0.02549755777502369,
      "lo": -0.238079786187281,
      "hi": 0.18059614863878298,
      "alpha": 0.05,
      "B": 10000,
      "z0": -0.008773311508328191,
      "a": -0.006428685324786675,
      "n_resamples_used": 10000
    },
    "shape_spearman_mean": {
      "point": 0.9999783665166079,
      "lo": 0.999870199099647,
      "hi": 1.0,
      "alpha": 0.05,
      "B": 10000,
      "z0": -0.6356570136975827,
      "a": -0.1637792293984476,
      "n_resamples_used": 10000
    },
    "hook_mae": {
      "point": 0.1044506072971245,
      "lo": 0.084752653662692,
      "hi": 0.13214754960804903,
      "alpha": 0.05,
      "B": 10000,
      "z0": 0.026824139006667302,
      "a": 0.0384889443279469,
      "n_resamples_used": 10000
    },
    "completion_mae": {
      "point": 0.03196772479904847,
      "lo": 0.026006250443866466,
      "hi": 0.04002393009369607,
      "alpha": 0.05,
      "B": 10000,
      "z0": 0.033845942621651186,
      "a": 0.03869348454899416,
      "n_resamples_used": 10000
    }
  },
  "predictions_meta": {
    "path": "/vol/runs/sft_hazard_cot/seed43_a0.1_strict/submission.parquet",
    "method": "sft_hazard_cot_strict",
    "seed": 43,
    "T_HOOK": 3
  }
}
