{
  "split": "test",
  "n_ads_evaluated": 87,
  "n_ads_missing_prediction": 1,
  "preprocess": {
    "n_input": 89,
    "n_kept": 88,
    "n_dropped": 1,
    "dropped_by_reason": {
      "non_positive_R0": 1
    },
    "n_monotonicity_smoothed": 0,
    "dropped_samples": {
      "non_positive_R0": [
        "7498907768448565265"
      ]
    }
  },
  "metrics": {
    "ibs": {
      "point": 0.011402245554151633,
      "lo": 0.008949666908505991,
      "hi": 0.015255218865577931,
      "alpha": 0.05,
      "B": 10000,
      "z0": 0.07929246436054638,
      "a": 0.04735027873546484,
      "n_resamples_used": 10000
    },
    "calibration_slope": {
      "point": 0.8759475639414868,
      "lo": 0.8629079487514688,
      "hi": 0.8896217332982321,
      "alpha": 0.05,
      "B": 10000,
      "z0": 0.006015944146675263,
      "a": 0.00578268181263473,
      "n_resamples_used": 10000
    },
    "auc_spearman": {
      "point": 0.4299774003061894,
      "lo": 0.20116402565419503,
      "hi": 0.6099946631338204,
      "alpha": 0.05,
      "B": 10000,
      "z0": 0.010026681100274765,
      "a": -0.03130342935269566,
      "n_resamples_used": 10000
    },
    "hook_spearman": {
      "point": 0.015509951155500475,
      "lo": -0.18402344524834582,
      "hi": 0.21951818055667496,
      "alpha": 0.05,
      "B": 10000,
      "z0": 0.011280066443692957,
      "a": 0.005289023308223495,
      "n_resamples_used": 10000
    },
    "completion_spearman": {
      "point": -0.020704235620033536,
      "lo": -0.23186292490068516,
      "hi": 0.1873552008149606,
      "alpha": 0.05,
      "B": 10000,
      "z0": -0.005263943686483788,
      "a": -0.006090224115782577,
      "n_resamples_used": 10000
    },
    "shape_spearman_mean": {
      "point": 0.9999783665166079,
      "lo": 0.999870199099647,
      "hi": 1.0,
      "alpha": 0.05,
      "B": 10000,
      "z0": -0.6356570136975827,
      "a": -0.1637792293984476,
      "n_resamples_used": 10000
    },
    "hook_mae": {
      "point": 0.10259425873851569,
      "lo": 0.08241686782773225,
      "hi": 0.13119051546797947,
      "alpha": 0.05,
      "B": 10000,
      "z0": 0.028830218517740373,
      "a": 0.03804080306356962,
      "n_resamples_used": 10000
    },
    "completion_mae": {
      "point": 0.03168288290919855,
      "lo": 0.025771584705755458,
      "hi": 0.03975780785196456,
      "alpha": 0.05,
      "B": 10000,
      "z0": 0.039113371766186844,
      "a": 0.039253044803834444,
      "n_resamples_used": 10000
    }
  },
  "predictions_meta": {
    "path": "/vol/runs/sft_hazard_cot/seed43_a0.1/submission.parquet",
    "method": "sft_hazard_cot",
    "seed": 43,
    "T_HOOK": 3
  }
}
