{
  "split": "test",
  "n_ads_evaluated": 87,
  "n_ads_missing_prediction": 1,
  "preprocess": {
    "n_input": 89,
    "n_kept": 88,
    "n_dropped": 1,
    "dropped_by_reason": {
      "non_positive_R0": 1
    },
    "n_monotonicity_smoothed": 0,
    "dropped_samples": {
      "non_positive_R0": [
        "7498907768448565265"
      ]
    }
  },
  "metrics": {
    "ibs": {
      "point": 0.007607703408665941,
      "lo": 0.0054471789849444415,
      "hi": 0.011521005797152825,
      "alpha": 0.05,
      "B": 10000,
      "z0": 0.0906131282680229,
      "a": 0.0637402070797847,
      "n_resamples_used": 10000
    },
    "calibration_slope": {
      "point": 0.9614803143809014,
      "lo": 0.9500984291330652,
      "hi": 0.9735169322305572,
      "alpha": 0.05,
      "B": 10000,
      "z0": 0.010026681100274765,
      "a": 0.004931985038543932,
      "n_resamples_used": 10000
    },
    "auc_spearman": {
      "point": 0.442935773128235,
      "lo": 0.2246230086715468,
      "hi": 0.6168101566601719,
      "alpha": 0.05,
      "B": 10000,
      "z0": 0.015291028334377801,
      "a": -0.033903850179963266,
      "n_resamples_used": 10000
    },
    "hook_spearman": {
      "point": 0.18354960997302616,
      "lo": -0.026210055420968287,
      "hi": 0.3883661926325263,
      "alpha": 0.05,
      "B": 10000,
      "z0": 0.016544501343174756,
      "a": 0.005547301108722579,
      "n_resamples_used": 10000
    },
    "completion_spearman": {
      "point": -0.004866224393088868,
      "lo": -0.2162391628672034,
      "hi": 0.20684417512376993,
      "alpha": 0.05,
      "B": 10000,
      "z0": -0.0012533144654325557,
      "a": -0.002130677672208627,
      "n_resamples_used": 10000
    },
    "shape_spearman_mean": {
      "point": 0.9999783665166079,
      "lo": 0.999870199099647,
      "hi": 1.0,
      "alpha": 0.05,
      "B": 10000,
      "z0": -0.6356570136975827,
      "a": -0.1637792293984476,
      "n_resamples_used": 10000
    },
    "hook_mae": {
      "point": 0.09648424373257104,
      "lo": 0.07748147976829002,
      "hi": 0.12301163109863375,
      "alpha": 0.05,
      "B": 10000,
      "z0": 0.028830218517740373,
      "a": 0.03828584051085084,
      "n_resamples_used": 10000
    },
    "completion_mae": {
      "point": 0.023130434392841043,
      "lo": 0.017751832739831566,
      "hi": 0.03056201240461497,
      "alpha": 0.05,
      "B": 10000,
      "z0": 0.03635411612673946,
      "a": 0.03745020629681519,
      "n_resamples_used": 10000
    }
  },
  "predictions_meta": {
    "path": "/vol/runs/sft_hazard_cot/seed43_a0.1_v2/submission.parquet",
    "method": "sft_hazard_cot_v2",
    "seed": 43,
    "T_HOOK": 3
  }
}
