{
  "split": "test",
  "n_ads_evaluated": 87,
  "n_ads_missing_prediction": 1,
  "preprocess": {
    "n_input": 89,
    "n_kept": 88,
    "n_dropped": 1,
    "dropped_by_reason": {
      "non_positive_R0": 1
    },
    "n_monotonicity_smoothed": 0,
    "dropped_samples": {
      "non_positive_R0": [
        "7498907768448565265"
      ]
    }
  },
  "metrics": {
    "ibs": {
      "point": 0.16934073564049326,
      "lo": 0.14820522295272628,
      "hi": 0.19301994767049455,
      "alpha": 0.05,
      "B": 10000,
      "z0": 0.015541720951108279,
      "a": 0.011215647031464486,
      "n_resamples_used": 10000
    },
    "calibration_slope": {
      "point": 0.2886321429693969,
      "lo": 0.2612338000224562,
      "hi": 0.3212826569903377,
      "alpha": 0.05,
      "B": 10000,
      "z0": 0.026071887453559196,
      "a": 0.019438246086365983,
      "n_resamples_used": 10000
    },
    "auc_spearman": {
      "point": 0.2301495448902164,
      "lo": 0.01639898308364836,
      "hi": 0.4082561723964765,
      "alpha": 0.05,
      "B": 10000,
      "z0": -0.0032586225240239675,
      "a": -0.017352075585469716,
      "n_resamples_used": 10000
    },
    "hook_spearman": {
      "point": -0.09085942764141702,
      "lo": -0.30525971789708684,
      "hi": 0.12915202427996056,
      "alpha": 0.05,
      "B": 10000,
      "z0": 0.0027572945958918454,
      "a": 0.0005248450418208141,
      "n_resamples_used": 10000
    },
    "completion_spearman": {
      "point": -0.06508525240965851,
      "lo": -0.2841840802898874,
      "hi": 0.16822665621265545,
      "alpha": 0.05,
      "B": 10000,
      "z0": 0.00852263930681304,
      "a": 0.003290051610265286,
      "n_resamples_used": 10000
    },
    "shape_spearman_mean": {
      "point": 0.09721342649423985,
      "lo": 0.04995648422136961,
      "hi": 0.15239094943185208,
      "alpha": 0.05,
      "B": 10000,
      "z0": 0.024065954281736284,
      "a": 0.016280453287844603,
      "n_resamples_used": 10000
    },
    "hook_mae": {
      "point": 0.22787590111563194,
      "lo": 0.18482100090641945,
      "hi": 0.27700243366095967,
      "alpha": 0.05,
      "B": 10000,
      "z0": 0.009776005984788104,
      "a": 0.014177735276448236,
      "n_resamples_used": 10000
    },
    "completion_mae": {
      "point": 0.40454379281835073,
      "lo": 0.352064523370562,
      "hi": 0.46229344768220637,
      "alpha": 0.05,
      "B": 10000,
      "z0": 0.01855011304703803,
      "a": 0.00550102778678946,
      "n_resamples_used": 10000
    }
  },
  "predictions_meta": {
    "path": "/vol/runs/sft_mse/seed42/submission.parquet",
    "method": "sft_mse",
    "seed": 42,
    "T_HOOK": 3
  }
}
